period,SMALL LoEP,ME1 EP2,SMALL HiEP,BIG LoEP,ME2 EP2,BIG HiEP
196012,-0.02209614309269705,,,,,
196108,0.050043,,,,,
196109,0.053689,,,,,
196112,-0.04290297761418707,,,,,
196208,0.06379077165010812,,,,,
196209,-0.02520686859016442,,,,,
196212,0.03255772417355469,,,,,
196303,0.02509,,,,,
196308,0.009084679457689888,,,,,
196309,-0.04050778208835571,,,,,
196310,0.0,,,,,
196312,0.026890946514456938,,,,,
196403,-0.051984,,,,,
196408,-0.020525306154631585,,,,,
196409,0.015942731828552506,,,,,
196410,-0.0375,,,,,
196412,0.012454184664760856,,,,,
196503,0.015306,,,,,
196508,0.0284525047551601,,,,,
196509,0.0043760288151963945,,,,,
196510,0.016129,,,,,
196512,-0.004259069959962782,,,,,
196603,0.016949,,,,,
196604,-0.135593,,,,,
196605,-0.179487,,,,,
196606,-0.08112883571504584,,,,,
196608,-0.08074135895654411,,,,,
196609,-0.01407323865445384,,,,,
196612,0.029507820729560902,,,,,
196703,,,0.146341,,,
196704,0.018519,,,-0.071429,,
196705,,,,0.033333,,
196706,0.041445002480136696,0.0536004221440418,0.06070304624729726,0.20185658507293744,0.10912494326894426,-0.01618928140747205
196707,0.056081148067519404,0.09621861886306805,0.006040868743331195,0.04848587555289134,0.11318193016765232,0.150735
196708,0.0042263587643475466,0.009671349179705342,0.09973168698161587,0.03334185460475181,0.0023543095249573126,0.058152
196709,0.027617451785429355,0.0228065737382015,0.01390220099677894,0.14749602940177198,0.017032717716203193,0.04581731425912122
196710,-0.031640371993714285,-0.02120332679486828,0.08129674993793949,-0.03365844885418464,0.02994059927149207,-0.08322309859893914
196711,0.023289430440414073,-0.04409774951803014,0.00479385133421733,0.0272479854778108,-0.014074252179911402,
196712,0.033841970720146275,0.03367713290998542,0.02715743160052366,0.12101387208094572,0.07112774806976116,0.029135777038486566
196801,-0.005762265370760812,0.03666018043019248,0.044373456334381875,0.0659789955340812,0.07370327086735307,-0.03299034260758906
196802,-0.03985718098860036,-0.08795699135021402,,-0.0699093217549414,-0.04743219623668301,0.014319439453340695
196803,-0.01668787968622779,0.010410726106004511,0.044023832229569654,-0.014209302119766003,-0.0070996126450030474,-0.0273669845455094
196804,0.09874804470723156,0.12439568036214407,0.2229816241773137,0.18835455862950673,0.057386963031363106,0.098684
196805,0.02550930342945295,-0.001661910491459603,0.02037568038829396,0.19234838308722998,0.08123694224953684,
196806,-0.008916702559296153,0.026245079045045885,-0.04582682531951897,0.0032933882888837914,0.03157445005340559,0.027177296814603593
196807,-0.09936867811690972,-0.09818220722513996,-0.04729454518313356,-0.06299310796398963,0.0384905459705752,-0.037395280144782495
196808,0.035247352623797176,0.008644433944653413,0.03661089723082266,0.08924773060365343,0.02996150678725591,0.10695797051540007
196809,0.10108334114343456,0.032761821032213236,0.0703338744743845,0.10324682206098007,0.037346038559968105,0.08032665747027197
196810,0.027528621807118688,0.08335115920762548,0.008926726246045893,0.05532454190292529,0.012355530267631682,0.01857208112294976
196811,0.06043107198947772,0.02054483749105912,0.11280003174038292,0.08774104799220621,0.0655264832044751,0.06677502353143756
196812,-0.028411951562629673,-0.013333659767613028,-0.041791161278820266,0.036511445412067134,-0.02085564645982243,-0.033741563983238895
196901,-0.051141146643402725,0.005241330073712381,0.011176807916307317,0.06249193539009906,-0.015940748517638888,-0.0344415506576413
196902,-0.07982035233792267,-0.04601115070286515,-0.112727,-0.10658461303789173,-0.0650401061959946,-0.08216628040650473
196903,0.03926609588019912,0.0336097947550982,0.02797910777591891,0.059256762733558274,-0.0202022891224999,0.06597285152308471
196904,0.07790980338770516,0.035096700343610704,0.08298281451886515,0.05136113440443273,-0.0285355856739938,-0.10614433278487014
196905,0.013430222441681836,-0.03318054497729289,0.028571,0.10235734154293613,0.028196866464561855,-0.005359819761229503
196906,-0.06969915249576275,-0.10218447450052087,-0.059423512087472985,-0.10886314057081464,-0.10316559020920878,-0.09985911220666002
196907,-0.1076954025681486,-0.11480074600655502,-0.0509457029018193,-0.09141239134797821,-0.10017147415754199,-0.12849138251025188
196908,0.11090418770780552,0.022801594290210257,0.14434315842265605,0.06509969451854031,0.08708493604677989,0.04200816386162796
196909,-0.020197860647752787,-0.04514628567402264,0.038903055192904316,-0.05622454196352475,-0.02030311755217206,-0.05152344291665005
196910,0.13905803368733702,0.053131434747983874,0.10764824489498975,0.10105811277985828,0.061481121295217,0.07193879907296366
196911,-0.03125,-0.06092412228490049,0.057750906033076824,-0.005250674269584081,-0.06145916888839617,-0.06024517695060418
196912,-0.01775717869344648,-0.07020712121190104,0.021064815687729128,-0.060190508199901,-0.06383075978518196,-0.02923512283545784
197001,-0.031264713925967955,-0.05246034396329822,-0.06038440590255185,-0.02920836643382605,0.018150864776765196,-0.148472
197002,0.036413470123819805,0.08341897964177829,0.06572133527877007,0.08879481643414529,-0.0035846850929480666,-0.076642
197003,0.011889566520910808,-0.03797370925414672,0.004623946505139136,-0.059521524115790876,-0.051401413148637665,-0.03580693712944557
197004,-0.18008786866975535,-0.11398440418662575,-0.23976604291472,-0.23790797345208403,-0.19032868982999096,-0.259036
197005,-0.13644660958749202,-0.053802556553629845,-0.025478,-0.04969074280178987,-0.16694579342026025,
197006,-0.05248521632310409,-0.06076757849815436,-0.027246907580222943,-0.06680764686676641,-0.08241854544838144,-0.07148090402544163
197007,0.07191801623784438,0.00992552417138912,0.07090543583031211,0.018633781299911573,0.09626424479768725,0.04656382809328022
197008,0.027454280632545815,0.0076972965654136605,0.0701379003969351,0.12387457139599803,0.009802049308454228,0.09933324826243099
197009,0.08220536726917833,0.08972597495301547,0.10583458144794348,0.26090969734282815,0.13042907414438185,0.05801499020969022
197010,-0.044727862141236474,0.006837353912758106,-0.028707351546012776,-0.14696229728180973,-0.023891948429283792,0.08254
197011,0.027663193594116498,-0.061266596648338,0.10674178495636497,-0.031165802968326228,0.01632497121934702,0.059809634855077884
197012,0.07053185786564382,0.08302811188586448,0.05535825094819317,0.08027442411563894,0.12220717965484389,0.05190064274967801
197101,0.10450127821606611,0.11113787058533961,0.06792367520645583,0.1161549203858056,0.11669142189006804,0.09399971121603173
197102,0.013333,0.051175057135420865,0.0838084604750435,0.12116049790626289,0.007511541810913793,0.030018334580288915
197103,0.035009655394412253,-0.005932567790263358,0.09340378446582769,0.11565753862086746,0.0230976993879812,0.15559775518587352
197104,-0.021416816352493512,-0.06984181733263904,0.06861835810529636,0.0007305312952823901,0.06324657982695031,0.139706
197105,-0.0236595619097111,-0.026050193411536422,0.013560456721585458,-0.04501256004188063,-0.10925184732872273,-0.023148
197106,0.014425775105798929,-0.016904846392700592,0.04175724441901069,-0.051350579724886186,-0.0294190126178355,0.02796629690326457
197107,-0.11125526845815627,0.015487144479641675,-0.07806229686208456,-0.07593002576373793,-0.03629621120735559,-0.016439590984339458
197108,0.04536408431285831,0.05234590327804255,0.0500773178481511,0.09312229218353903,0.03860877982423585,0.01364988020344551
197109,0.007225866742160888,0.00842872461052889,-0.018170032929016068,0.01068889625016967,0.028790176863815124,-0.0309776215940239
197110,-0.11360067575997221,-0.017782566800510546,-0.07553256633990993,-0.029146794230375705,-0.0031492822238319215,-0.09349444703198087
197111,-0.04471958032391018,-0.07460891577953274,-0.059781132425104536,-0.007369086140765313,-0.03798605670930988,0.0010000599972613147
197112,0.09595710678796415,0.10448847054037842,0.09726064173248462,0.15963132994443452,0.15101442759776368,0.07601623579635591
197201,-0.032296497416881384,0.023798377219990067,-0.0314305182255767,0.091320298689335,0.10028251102222979,-0.030174900490392318
197202,0.254902,0.08929612922515051,0.04593316451353266,0.007462491305609705,0.007414070679338181,0.029421162093678743
197203,0.08061852206483727,-0.03861494656881695,-0.040569478845000694,0.027580235394636783,0.060974448066784225,-0.05749903688444255
197204,0.01105,-0.021100372301060138,0.008418634188122923,-0.014041083928053377,-0.049920942784898656,
197205,-0.011398709323625704,-0.0407499958932078,0.07627034807589175,0.03723759333697365,0.018409744080068697,-0.142857
197206,-0.05272173674229185,-0.02845592464165513,-0.048159539492639944,-0.030156161007862333,-0.02820182673033784,-0.07565656862796245
197207,0.02454141721175762,-0.024767419778750598,-0.025851488356730748,-0.02965718967502497,-0.008883581978596254,-0.026672136944396817
197208,0.03268834431606361,-0.012058474273803674,0.042352171456115376,-0.06003416705459029,-0.051797343169370395,0.009433865636223612
197209,-0.008463449119355246,-0.03761879504133829,-0.01960658792603607,-0.04345402929686852,-0.04002871221381223,-0.038342488198680656
197210,-0.01688755877562961,-0.004263116673071818,-0.02434112022526758,-0.025390108344507847,0.04892029726307126,0.021548535120908208
197211,0.12918549127292445,0.06547873702797948,0.1017242413257074,0.03296585325890591,0.0459213541122628,0.11139346269787061
197212,-0.0004041314279414316,-0.02090760526533168,0.03701957627268677,0.01233739982568747,0.008872945321126263,-0.00936343170346549
197301,-0.07984324971113296,-0.07058023540253767,-0.007699357524037149,-0.06004689819244907,-0.06433329586781872,-0.1257348178871584
197302,-0.05614132523372657,-0.1192063257623398,-0.0947857931956616,-0.11866653094641538,-0.1009830477270371,-0.19942355853813365
197303,-0.01046825009038885,-0.021030864220458738,-0.06412846827846838,-0.022446454073354025,-0.047532209954710185,
197304,-0.106767,-0.12713738150666318,-0.05908707923978611,-0.10274669070066342,-0.13057862331547931,
197305,-0.014767559829396096,-0.10424295133471093,0.000442576469036587,-0.032531108348663726,-0.07599267686064805,-0.021277
197306,-0.08482443362821057,-0.06376420512631974,0.021442484816465518,-0.019965087813475207,-0.033127494845042696,-0.039680003038248104
197307,0.09053939433828534,0.10658902562571788,0.14042439364011175,0.24803349088700927,0.20245470730681853,0.127451
197308,0.012821900286532732,-0.09538517422450675,-0.020868162622536372,-0.01775470339307422,-0.07368540327468753,-0.07028243556431232
197309,0.09479264952820063,0.07441788661351674,0.04897277025046263,0.1378116815015287,0.09150977624601893,0.12899584300916087
197310,-0.014417152173969015,-0.02783820284342906,0.06544161592010415,-0.048416436673961456,-0.011644846045402817,0.03408970731438111
197311,-0.2406462861606083,-0.20034849170195237,-0.04525531043676068,-0.16239154906008132,-0.19261088899214085,-0.223944
197312,0.04840109579812344,-0.042800973431748934,0.018629015406063945,0.024682411914064662,-0.01840190170857447,-0.004582284355861772
197401,0.0888069439902806,0.16657284221930324,0.07656152220650121,0.057508388553143414,0.10702874207369115,0.007992537549308308
197402,0.10005483729187455,0.012772777418169817,-0.047129532290011315,0.03686952268695155,-0.03178430595346397,0.06993
197403,0.05624441113978295,-0.022300289640098794,-0.06627234538802357,0.06274179598225493,-0.002575778149153213,
197404,-0.055556,-0.07547504669745024,0.0029481052085270996,-0.06472785020762846,-0.07220635080476424,
197405,0.0,-0.09758355875969948,-0.047057333809376704,-0.055399944707038705,-0.06154827145901355,
197406,-0.038518141735132586,-0.02908178656915229,-0.004280247839133272,-0.059251863635691626,-0.013001047485709866,-0.040555106211947384
197407,-0.1007812200616201,-0.032857220372556346,-0.12736287118653378,-0.04981578758965999,-0.0635180172410117,0.08397
197408,-0.1324005156392477,-0.10480887961316838,-0.0730001655847923,-0.10780655806248815,-0.024443018238593572,-0.248756
197409,-0.045594208952309485,-0.1251107979586188,-0.12862484520579315,-0.047436585690485825,-0.06724215755545775,-0.0955042854695802
197410,0.053263608784288916,0.06386684236430279,0.15283632528689087,0.23581577467476902,0.13428714392160973,0.12597058306232317
197411,-0.07675921926418658,-0.10915250024469154,-0.1349713219869869,0.003096290195482411,-0.07787420460389065,-0.0059751913833487776
197412,-0.01198379697825203,-0.08385068397113443,-0.017519521601335967,-0.05177371961841442,-0.06212915754741988,-0.021520902316556623
197501,0.3182814792083587,0.2630354681915213,0.2633179425155233,0.5596981271277779,0.33660533916131663,0.081013
197502,0.09739976678084694,0.08671932817922748,0.04389757147899967,0.07162877269910416,0.0328314020191102,0.119048
197503,0.033787363078449976,0.06362605968225925,0.1837924664108465,0.1587865215552815,0.07437301549005479,0.0804945623082209
197504,0.05246749184127677,0.03885332835574888,0.15789099337406312,0.08354233708914921,0.04334513517944257,
197505,0.07467028240776895,0.03698374539722846,0.12426705880493202,0.19789781450185537,0.04178011158247742,
197506,0.11955246036968226,0.06963215735976534,0.06855545056071445,0.10059020623078256,0.05457885482257049,0.03144648242703863
197507,-0.0055163728749889965,0.030656635176522184,-0.030689712190268982,-0.04078181638788721,-0.010284586867259263,0.133333
197508,-0.028613791455103652,-0.04494354512124017,-0.015914757782177286,-0.03839799422239906,-0.060310388335526086,0.0
197509,-0.00414756264498397,-0.027854686979757015,-0.03795000142612703,-0.034584178588921266,0.0022517181745971325,-0.050294926787119915
197510,0.0688436026346556,0.02087673127826803,0.017645004091801243,0.07645031131263261,0.058387555316887926,0.04181214715375132
197511,0.06326880531060253,0.019885966337462473,-0.04360881879789245,0.017461835674578242,-0.005478024630886411,0.110092
197512,0.0042870352104208385,-0.007672415851015832,-0.02172656684507442,-0.001999166457500264,0.002926359938773148,0.01191748306970924
197601,0.1023894463699131,0.17837716255590333,0.05584595240147655,0.41590557734538725,0.14660705094018325,-0.017049313719826792
197602,-0.010485233516399572,0.10694033947333055,-0.05082697031941678,0.16540442555780133,0.1782226124478352,
197603,0.050328776578816424,0.012781480284323233,0.09821859743443122,0.061667650936944166,-0.015349584743621386,0.02369952126477985
197604,-0.08184732284756055,-0.046544728944619466,-0.055935174626827386,0.0181655304572448,-0.040638840896936444,-0.04333614443396481
197605,-0.056291,-0.01892525767315828,-0.026553678956695734,-0.010317613663743251,-0.0011569825436660887,-0.062201
197606,0.04415835178477073,0.04557789596497372,0.07493450161230497,0.08420187467984008,0.03400433710001726,0.11940832611458226
197607,-0.023220786034175746,-0.019667545657528235,0.024744406654874734,-0.032025657448684984,0.015600063209046219,-0.053287765916999075
197608,-0.001597012655477105,-0.03747906392896853,-0.010315266674665228,-0.020660824291175075,-0.003868040047679434,-0.02904219196752915
197609,0.05066399458437875,0.019326831206005042,-0.011270688023164603,0.006146190582460629,0.02717531268821126,0.06667813629491247
197610,-0.030835394337309,-0.006054087202536336,-0.06499743644914124,0.006300189681206462,-0.01640234441825824,-0.028383756576461226
197611,0.04153005655880881,0.03039784426624141,-0.0010598445972160794,0.01630083190454672,0.046796914372291394,0.12167044846998853
197612,0.07263322879583646,0.09470254685607499,0.04466827201008342,0.11656665309902932,0.1132753948253185,0.09322662611609116
197701,-0.0967610331412772,0.007619167943700757,-0.09065799427647454,0.005161062292432158,-0.003958851994975105,-0.07319878089065598
197702,-0.005095806983945947,-0.031233434567059362,-0.007148068891463577,-0.042978169681544734,-0.03029563098982626,
197703,-0.008769750166165597,0.004460438811768617,-0.04722681634532881,0.030791253861553302,-0.014514847353117888,0.05716851078577778
197704,-0.026006116310344725,0.013644854802757629,0.00838088927475163,0.003994858151341606,-0.016313193308777927,
197705,0.052381,0.01769418202034053,-0.01421244877606466,0.015908115062596657,-0.003605145356462863,0.0
197706,0.025325989801223556,0.07373488312166195,0.08885848755741922,0.07371320704460288,0.06743351443224893,0.06301218268594438
197707,0.01254807830334047,0.007951881763698248,-0.007695320076109761,0.026262897963137424,0.026882388420117163,-0.06597147346776283
197708,-0.03271346873392299,-0.011047098665768796,-0.020622533518956793,0.023105274290806405,-0.0047609600803061695,-0.02661003888201595
197709,0.011421211149149029,0.012877039074709131,-0.0020781462745123494,0.02215972250271169,0.00518756428063159,-0.009780413089484094
197710,-0.08214078373843349,0.0046864113827111,-0.07907389814989296,-0.048137100982470725,-0.027704087050284806,-0.0580747747269429
197711,0.03783438710594276,0.062285695581842486,0.054973356153868336,0.09306364069225016,0.0804482926392077,0.07255229726232282
197712,0.006989758811538778,0.012557449087292491,0.02355764935805874,0.0604448817269485,0.02011277140834435,0.004763268895784615
197801,-0.09191892453999886,-0.021787503313190907,-0.03297006467001146,-0.005653634543981188,-0.029068436708105445,-0.06349143559612766
197802,-0.030026677771330137,0.03698088717812894,0.025133668161418526,0.04607980377870239,0.06302230440076276,-0.009868046511387452
197803,0.025500411648467176,0.09241900427424904,0.10426366611337458,0.11821986127745238,0.07007308921645333,0.07975945201678522
197804,0.09583053886581092,0.09898028865994936,0.08552852341648048,0.04425198670269739,0.08173964013652099,
197805,-0.03871,0.07200490109669713,0.05941779523599029,0.14851238480178083,0.04887668789890101,
197806,0.011205281839579296,-0.0043128700739549445,0.018866723333883607,0.021395794877697903,-0.009092014142651527,-0.019520490759042
197807,0.06855892826424034,0.04467193335187358,0.0999696186914301,0.042214873122671866,0.04844804877843509,0.026371337032415294
197808,0.04111801102537568,0.10193937629383151,0.1318679398765968,0.15732560455563982,0.019139616236212634,0.036574792099084485
197809,-0.019213079357405637,0.01854426821666447,-0.01835332649894662,-0.01064734073559194,-0.021112906484189845,0.053764392287907505
197810,-0.120826120010263,-0.17402061345962486,-0.04831055276220689,-0.2041436165391612,-0.17941066643152015,-0.14919361803932027
197811,0.003917598422439791,0.04446397435162968,-0.05324123497359144,0.11469501158181392,0.0697382392202289,0.06432493846974924
197812,0.008353527535872773,0.0076588677416106294,0.056995071716777645,0.05682622693773106,0.02633079501418791,0.005860172343924718
197901,0.06343466963180236,0.07592093405574225,0.03183927050746284,0.17765014086023034,0.08882856865830821,0.06863881183678532
197902,-0.064516,-0.024038569399392144,-0.043419680316977016,0.0038645426898978224,-0.02930577024601236,-0.022951
197903,0.059008990076271056,0.06485542400104084,0.0594296644794933,0.12855321988353574,0.07706433169403211,0.11478889398960444
197904,0.02708965328716987,0.024288373902489828,0.007804812138335221,0.005095884239676822,0.023037277546262315,0.184713
197905,-0.02299049741995237,-0.02077138015578572,-0.030060235501433687,-0.021377180367208815,-0.026786191915820733,
197906,0.011975942458095095,0.034884203401813425,0.08116560290895133,0.09715144240683113,0.04948280424188178,0.0371802196159229
197907,0.012861058855501387,-0.000288301270191063,0.017607620130884377,0.02316941525405641,0.029884558044007494,0.08691081666094899
197908,0.08809524596411752,0.0397584950329505,0.027579888208767406,0.1345891883485194,0.07640566152943792,0.02958078229846548
197909,-0.023542384100842566,-0.00798222074540578,0.045427171869684715,0.05149548397920748,0.006878195725753678,-0.004988028075326802
197910,-0.10242602273444944,-0.07643467214390579,-0.05844750028324802,-0.0039911953643871415,-0.1478969593781185,-0.08340680780248678
197911,0.16739302564260491,0.034356165962373765,0.0906963510189702,0.14086762197965072,0.07962493128058835,0.08791505017954193
197912,0.03614407024851626,0.027476194616946607,0.03705267206931361,0.12815292867590017,0.0748158108518049,0.013144973621327714
198001,0.03068278211877028,0.03697125334901384,0.12366429367332003,0.10033417038273339,0.03846925111974392,-0.028210210198570625
198002,-0.0755101286686663,-0.04770556559847253,-0.0004477516646136069,0.0353809133003882,0.05812967879646941,-0.09592836806417347
198003,-0.13911570130277695,-0.17592573881500503,-0.18353194326448358,-0.21177854883095149,-0.18914037369845638,-0.06640539940421335
198004,0.05323252876294461,0.07717498317280416,-0.005744788833144398,0.1090885311649385,0.029751472027181636,0.383399
198005,0.14662848672459916,0.056183006971416045,0.09929452150954432,0.06320179751252597,0.05157909406977118,-0.03475166645101437
198006,-0.005165287987008688,0.034502039418920494,0.03702812174872684,0.05381066409976546,0.06791668665248307,0.027982655098684882
198007,0.08541727155184907,0.07906397354170501,0.15039246111064708,0.16923246796364694,0.09403911059000361,0.10244070426902067
198008,0.028437816429800096,0.01259630348005653,0.06841755143121733,0.10577045776721986,0.10051841151492968,0.03975836005549891
198009,0.052655307354203575,0.02954773435636788,0.07923103584175326,0.053806558948104856,0.02068535099525705,0.018512288753662214
198010,0.12247141506635104,0.06559760394703212,0.06160278620483362,0.11160036714238139,0.030866702828909375,0.015172841730422926
198011,0.06876212949432924,0.033244847304741705,0.268657,0.08464748054400356,0.039414764395394604,0.142
198012,-0.031190177089360352,-0.009023188174539678,-0.04039107273262998,-0.03436400713196668,-0.03719754979255682,-0.018653990396135852
198101,-0.020564434223074423,0.020193175712335774,-0.03147376777162951,-0.01827060273585354,-0.0017374857099422144,0.04574273615311255
198102,0.0020593585047960607,-0.023024079958324204,0.03559676310075472,-0.004718214976671474,0.04765251724357703,0.010767607297029762
198103,0.11207275774980514,0.07044993860387072,0.0852970232333545,0.12748770987036398,0.11662572028415769,0.04333360013388893
198104,0.0,-0.0033990919314639753,0.02477680053259802,0.021677804356916068,0.047152585730949895,-0.02643895122739602
198105,0.029842352475862748,-0.00871464918375793,0.0910858092960827,0.061211593212462834,0.03380765267527217,-0.03868505731570247
198106,0.030591069537435785,0.007584750170468652,-0.09663533108717562,-0.04701953195784758,0.015511776039380856,-0.057418690022351684
198107,0.021456592074815133,-0.03901027819935285,-0.0629854058870293,-0.023604581085496623,-0.016410934579551385,-0.06068812908311184
198108,-0.0907594238321116,-0.053976323063183,-0.07776465081510797,-0.07947135866549947,-0.08810513180458077,-0.020221795570851072
198109,-0.07583249516641519,-0.07467116803852958,-0.13219843364923328,-0.10025098808171815,-0.09060379441567053,-0.10892076808279491
198110,-0.028296229997766202,0.043051945505254374,0.1001140697459341,0.10380813605758903,0.06758580302109862,0.07451208406956181
198111,0.03488023259159817,0.030942819189354164,-0.010526,-0.01477773235690695,-0.023317101529271928,-0.02053747600328907
198112,-0.022093960099325592,-0.019611438398427168,-0.02595923511429093,-0.01686448231777183,-0.0010744042490401077,-0.03392730710608538
198201,0.02070955562923969,-0.029887809507592983,-0.0033773270220395606,-0.01615030366529732,-0.002099578146257407,0.03758589246121821
198202,-0.08496296460219055,-0.0028517506864607235,-0.05150733846129391,-0.07660005380749013,-0.008999023078206684,-0.0014458863325522708
198203,-0.07662776225785686,-0.007464110929489475,-0.01141501437620731,0.015892114067115427,-0.00635315587646757,-0.025584660389132048
198204,0.11554716425032087,0.07241616405889267,0.1645363645284519,0.09678263981188967,0.07677569827754532,
198205,-0.02547992270616834,-0.037137238975103834,-0.067697389383014,-0.034531297908427745,-0.01249936928585886,-0.002809
198206,-0.029067700012112754,-0.032205367547753654,-0.0036011158039584825,-0.01625520654010893,0.004738817205880905,-0.034062189207395115
198207,-0.04278038360434687,0.016649791376133122,0.02481127340502254,0.013327221321055543,-0.07169233756542799,-0.05055594196062729
198208,0.07735684509743791,0.027060956901608153,0.19568827210151693,0.07719649266394327,0.11703410253945122,0.06845391986894638
198209,0.01688790883139669,0.022280841296489003,0.008228132547174312,0.038215062621095024,0.06011166775115712,-0.012485443852682162
198210,0.22531355012991433,0.13761418453506602,0.1657424866225254,0.152274996903372,0.08630784384155958,0.17208585431841453
198211,0.14193812153897978,0.07894327908013293,0.10143333929196012,0.2302607551077051,0.14921043381066487,0.0761897461275411
198212,0.028160853212958543,-0.00030623930717421297,0.03766041482359695,0.03664013193916255,0.019938096470357557,0.012771420205195805
198301,0.10629461661518935,0.01363526062841765,-0.02804188448209946,0.15124964555771664,0.06516032376453358,0.005673701001922753
198302,-0.0028598591173213395,0.07185452137268541,0.012403432587772139,0.004461081378551102,0.10884042361903055,0.0922466819386752
198303,0.06225727519438795,0.04439605233172348,0.08081594440882352,0.07424763229956982,0.008482975451176326,0.049840916333533235
198304,0.12854941619959623,0.0709791163418618,0.17889626127532596,0.06364416142164063,0.061774492490823806,0.020655099656557842
198305,-0.04039041429334243,0.05262202417419137,0.0889255911372615,0.2144162485726043,0.05980203889735771,-0.0009340515073234536
198306,-0.0035356051318892997,0.04944886181881143,0.06041749015364035,0.06266782008390827,0.012738807918296943,0.047797549577620176
198307,-0.07036102682493336,-0.02721974330448791,-0.08777580672873865,-0.06562716628669982,-0.06512143369745287,-0.04762243393380226
198308,0.05435121928288622,-0.02943799866113181,-0.01767066616011786,0.011659037963361997,-0.07404292636339559,4.063632352254267e-05
198309,0.02076677225838334,0.06203344947058225,0.07596914860710202,0.005117765878890672,0.02001991499228092,0.02375028595392433
198310,-0.0408639464734725,-0.04131930163737439,-0.12402060098842983,-0.06672696397184463,-0.07365797210027328,0.05003893224711974
198311,0.02681932805236703,0.06357964792616785,0.007752,0.15093815309116382,0.06534132688143848,0.010435386079027054
198312,0.00828719786984771,-0.010989583911549644,0.007930666400555285,-0.01853031374875864,-0.001890592064887018,-0.010700901108293553
198401,-0.06362360843302388,-0.07209954660740556,-0.09504270535533992,-0.02001374193929624,-0.05809363339754414,-0.05245210535070894
198402,-0.050083113889287434,-0.06250221849352758,-0.03829954784774741,-0.053399588945616625,-0.09774542303044022,0.024037367942640345
198403,-0.03128910357816689,-0.02964407928774512,0.041865257858016314,0.03370164913040113,0.011958935372896702,0.009563206428038875
198404,0.0071223668599461306,-0.01011856700024211,-0.06255958125107633,-0.0032629521932008893,-0.023498771516819443,-0.08623072405727172
198405,0.019894125661881347,-0.08998891705950367,-0.1188097894135913,-0.04618028079976742,-0.013850099825878929,-0.047958709576696235
198406,0.04489825680184512,0.014809765813726792,0.07526570661275923,0.04611117760015674,0.022768816241586148,0.006492859639927891
198407,-0.023782244555121783,-0.02860431399482394,-0.04097214806967122,-0.04377459310586007,-0.02015042915987652,-0.040082859678361685
198408,0.17975004531103,0.11646526346898696,0.1345181473041711,0.09748162294320932,0.11157645676641206,0.07272436365313201
198409,-0.008348533449681067,0.027197571762355623,-0.01376020373332866,-0.02072431086208451,-0.012388829403159166,0.012078086240187686
198410,-0.02270449225860499,-0.04908411961425795,-0.043374367624151144,-0.06946482867972349,-0.03655712179069557,-0.019491437253418703
198411,0.08540044552429338,-0.014216755351374828,-0.025092520175751337,-0.008264595580914847,-0.041684300285494386,-0.030430093176203706
198412,0.023382238368350936,0.02609839991006891,0.04813534249335315,0.026526514216073216,0.027995410896686466,0.028168172645462706
198501,0.13831544345132998,0.1366655895616266,0.1676762967902575,0.13976681351159426,0.15449702942900806,0.08923331344521487
198502,0.05013046945192944,-0.012146963212741887,-0.03725550036570105,0.08202690717795,0.025532719811991005,0.020545888716759685
198503,0.014363950517664387,-0.016273984625500407,-0.046002449967417036,-0.021928715426716098,-0.036728029399436715,0.026157671419928977
198504,-0.027616956004871518,0.0061197681507871105,-0.03550644802066665,0.008925700741106974,0.004665350722650931,-0.038147120948351786
198505,0.12598736180060724,0.02095965010241243,0.09491107871094528,0.05025263740992667,0.05676420715491021,0.09806464982828829
198506,-0.0015795344296900015,-0.0018798464452291436,0.047859460792748804,0.020766743122275035,0.0017281516315234204,0.04199982865384443
198507,-0.028943059760218437,0.032713765976616634,0.003754514009644652,0.0210525823254669,0.04891227370716238,-0.018031094298696673
198508,-0.031113682357619236,-0.026864903776864,-0.008894948557184767,-0.03394120802433215,0.009532221918984661,-0.01909415052858473
198509,-0.03938329746410105,-0.04185465133113587,-0.04078255053728197,-0.098923011800229,-0.0819824671707627,-0.06902887591390675
198510,0.0987844564158386,0.008266377989718944,-0.04631781072445585,0.0753661098892265,0.07039041542054347,0.07883663354826423
198511,0.05562402410269956,0.05022462950107168,0.11350385038058311,0.11092484335099313,0.05751418667363263,0.078788
198512,0.06095409820884913,0.031534699038296,0.04228092104799323,0.04329356762891022,0.042776583965294365,0.04286585002482391
198601,0.025861710901681483,0.07403996750048632,0.0377173164184169,0.03218908749627593,0.0015116778985791862,0.03238419034858629
198602,0.09020065539392247,0.11583218258691204,0.17329932472113246,0.09430312637997414,0.12934811130768745,-0.024940228490781
198603,0.01887160084142019,0.07774576615480092,0.05677546137149934,0.07425878339856903,0.06804771471515066,0.04175164076022234
198604,0.006557834186725278,0.011447784428660427,0.05903070904434583,0.06839838892408395,0.038623220695762905,0.04538580112052685
198605,0.043186723254009365,0.07437436352983187,0.04889716674335662,0.04527424034084063,-4.645985302190441e-05,0.07907185015930587
198606,-0.004841902285223099,0.019305459330704086,-0.026280612975317922,-0.027539400335154854,-0.006932733003367332,0.0314017440958366
198607,-0.04556038274865689,-0.06426993305347349,-0.07861577376425631,-0.0873926023706805,-0.13983138512745977,-0.03229357135727585
198608,0.02333397225362721,0.012103784972771727,0.028710972840795424,0.030677216157274482,0.02200985549108031,0.144978620454687
198609,-0.10826706104261122,-0.06515773257806645,-0.09118067943511671,-0.06309506810811574,-0.05833911374476214,-0.08684431999012501
198610,0.03284029652273969,0.07329395201769542,0.05806069972777286,0.09088003715647906,0.056188988602512695,0.08310124891143922
198611,-0.00287727389711819,-0.001582287135886853,-0.0032230627511448486,0.016238864878582872,0.04951861898631996,0.030934277040297022
198612,-0.012821639632213735,-0.031216014788566015,-0.012160121852250022,-0.014804979831741229,-0.00973526198210208,-0.02594477006114882
198701,0.10396071697032698,0.07633265093843775,0.17593274430024058,0.09313271190999542,0.15053049463916993,0.10057600647071573
198702,0.058395975315804496,0.1271041818806794,0.027310947533153454,0.09126430518849685,0.0818437092653169,0.04005765103612227
198703,-0.005978256293152878,-0.0052632671896901,-0.008478404943154477,0.06817417072997417,0.0019976973814655667,-0.06902228856598353
198704,-0.054857595882099666,-0.05015134095700445,0.01015385627188884,-0.05562771631114688,0.011087305869408438,-0.121019
198705,0.014035177925195055,-0.033486620563738134,0.1131714570138561,-0.000289593727377433,-0.02280051338395178,-0.07000011557143021
198706,0.06200459256762597,0.019152256826450543,0.04100789419130959,0.011462033448293477,0.0067616926825576715,-0.017233808851078482
198707,0.07891751360859521,0.01718008246390495,0.02892881135168749,0.05764944159850483,0.03285217714146686,-0.003738
198708,-0.019786700471752204,0.03438580957965809,0.035330711841172494,0.044889706087374415,0.03947431322530312,-0.10625
198709,-0.018864648335315936,-0.03933272816692624,0.015175170767567716,0.01479100196723384,0.0003265149425398133,-0.09410670693558819
198710,-0.2271536720059934,-0.3405833058161419,-0.29338980661766445,-0.33857880640530347,-0.28021835031681724,-0.3606907770003454
198711,-0.013968977358492285,-0.04993748938212287,0.00114390060617885,-0.08317403669429804,-0.07142872681085943,-0.0982711599805302
198712,0.07135862167089854,0.048836220360322015,0.09393779247770762,0.10212272667364618,0.0762744584473219,0.05413973433472907
198801,0.08687471110601723,0.031720092103715423,0.13732107386553485,0.07487664684217368,0.06615856540540002,-0.1137769458535991
198802,0.12464433029203817,0.15760702436823987,0.1473151890066596,0.11086383524143698,0.1419943717179481,0.008
198803,0.015005622791012491,0.057969114092744786,0.0163138930464527,0.07461070475432183,0.08886247243666101,0.03895142157713289
198804,-0.04579289410002112,0.010957038212779895,-0.02901596037750798,0.0650648107886455,0.013655059581234912,0.01604926061983119
198805,-0.010791873406045129,-0.03701326766275634,-0.011313814414898439,-0.04702117206262092,-0.011705666551710637,-0.034826
198806,0.03858381606471041,0.06431838534227051,0.06962849264704002,0.0855352399202346,0.09081894526737551,0.11874424796572927
198807,-0.034440672298629384,0.0392016868457465,-0.027301110697591863,0.021931820478970663,-0.04742014958412096,
198808,-0.052857800947825995,-0.04136710408708606,-0.02650426338660781,-0.026603347816175835,-0.04235375752681122,-0.116129
198809,0.04736562098287665,0.0030467802603016325,0.02955255286842134,0.04210370150682858,0.0517064689862381,0.07250645231745508
198810,0.03796483543947267,-0.012561435989914329,-0.03326823020157236,0.006182430924988527,-0.01783094062787385,0.037827700631230365
198811,0.0009699412468431345,-0.019265607780801965,-0.010454491268131711,-0.07371829413484199,-0.021796447198625023,-0.001419961541217235
198812,0.020467495373344892,0.013412829442570242,0.02204221395451093,0.04800763070731894,0.034013660038307525,0.019173771211415662
198901,0.08337162642567729,0.06042944245399059,0.06351543786371935,0.07764866196988547,0.02946281457665878,0.07501480449686751
198902,-0.006337369020159217,0.05339265416996152,0.0724733301039711,-0.02345300845650693,-0.00816492955916371,-0.059006
198903,-0.014618158005837514,0.034809987607527196,0.08429273970204837,0.05588042996973049,0.03220431469623164,0.006291250646835505
198904,0.02486450236432827,0.044124549757131475,0.10014111159967884,0.03325682709979932,0.05362706085067017,0.0010829979670703288
198905,0.034311220756509914,0.002923485525510944,0.09478194719602745,0.05664989082195837,0.02485280701886882,
198906,0.0037569837769817595,-0.034689652267889365,-0.03880805606377767,-0.029811622010513,-0.017238768116027686,-0.013379498044601427
198907,0.04922201036699596,0.010791437188330338,0.14977668503017028,0.1334632500468787,0.025373958979190207,0.004808
198908,-0.015972891890677236,0.047715845106392527,0.011088470671990558,-0.010656213203167633,0.03382205445709111,0.074766
198909,-0.015614018353103248,0.026623896692136478,0.021433376677340975,0.03181988554332737,0.0043189315363105045,-0.014388304722330002
198910,-0.05743197393732603,-0.043857861760374366,-0.05926028498890047,-0.0516810186718901,-0.05722640045049018,-0.07391565458724046
198911,0.015770035154361935,0.03763389420597285,0.07419459302543349,-0.09371526141309253,0.02019440209524915,-0.046154
198912,0.03248190778988155,-0.01944541592534352,0.024875321872271986,0.028277902475253493,0.012283745333415502,0.0074667187632670865
199001,-0.07368390719851874,-0.0902893135354266,-0.06862508936002215,-0.11147373933795848,-0.08224354180473913,-0.06860254408359528
199002,-0.012183255366381627,0.03872282470103268,0.08181444853165816,0.00504277235303835,-0.006040645031514267,0.07408110075365618
199003,0.029781753354975023,0.05300136357518365,0.02502825741674978,0.021793226992578234,0.05585250830557802,0.04787085673386665
199004,-0.030011949072596276,-0.08522132853270932,-0.01633179827505013,0.03138250956412624,-0.05568449504718917,-0.04341899072297464
199005,0.09827859096917214,0.04093910757144498,0.10473500934322218,0.030857450456460735,0.05998161828182926,0.11916043479048194
199006,-0.015184927593554276,0.0034669072159315348,0.021590653878516667,0.037247615801981784,0.01712142475569907,0.00044180203410491836
199007,0.008490261653388717,-0.08430436628246672,-0.014037114228987985,-0.061284698599811456,-0.053546656976195026,-0.01367232951108137
199008,-0.10548891088322707,-0.16429850235731408,-0.12174498817504574,-0.1108876879628828,-0.12548480668657122,-0.08445933119611021
199009,-0.058217697472789216,-0.11166440741175308,-0.064608867795492,-0.06352930768496344,-0.08787072082689364,-0.0824209279800408
199010,-0.1146008233019521,-0.1152212441320108,-0.009997362110206715,-0.012432737381027648,-0.042001324138506,-0.07162565297279766
199011,0.06830118923860246,0.41229935728003564,0.0861004328167177,0.06320104367825008,0.11553869806114292,0.04664363233632667
199012,0.0305389465399444,0.029636101856687726,0.0313681417634271,0.05245683103690877,0.038822919726369434,0.05706120139837643
199101,0.05253244761193165,0.12441740440243172,0.1214744213846649,0.12032795198081918,0.09891340971976881,0.08929193118821623
199102,0.08709043269092445,0.11676951094077342,0.118810507408832,0.014526372753905696,0.1394588397071168,0.040601662440068874
199103,-0.03011608190494633,0.021782416394862395,0.18762361906028724,0.05908784113100915,0.06640627501234327,-2.2228143505642053e-05
199104,-0.03802871653996999,0.0292450350181609,0.00514000516975209,0.04042985622432326,0.003397408004174991,-0.017803637672230657
199105,-0.02532626281609266,0.07660151346832302,0.07087816581477027,0.08800141703986016,0.06757957735778664,-0.020446556841336498
199106,-0.05123653518878517,-0.05080149154678921,-0.031526979225667315,-0.011486242039430569,-0.0691191493573493,-0.08776539340975797
199107,0.04891242417791377,0.05324326648517171,0.11891551189401334,0.0715859011933091,0.0014006678708034584,0.07985380875815452
199108,0.06855373390532281,0.0268915807599142,0.05203055503860729,0.10434456088137603,0.06666977677259685,-0.005112062592505606
199109,-0.025294575232576638,0.01598640752052117,-0.05909501136023913,0.02858642210397809,-0.016973126470270054,0.008654686787649704
199110,0.00872955215547206,0.07026036656902708,0.2066938312041257,0.041264589589787425,0.04687915842018468,-0.064516
199111,-0.0646509453804271,0.05569660939330337,-0.006492599365295011,-0.06807208640628828,-0.03756559334977934,-0.013142970049000342
199112,0.11596366934321702,0.04313135855839109,0.1413736806025969,0.10167616829018886,0.07844947591042159,0.09587324682483778
199201,0.04533413202250039,0.07528504408584666,-0.05140308985596742,0.1080524978427983,0.13336681512528814,-0.0001126564981296721
199202,0.04044093586454615,0.0545224637078864,0.06959454047601368,0.14459517106367295,0.01940552610264533,-0.00706578055132718
199203,-0.062393358292699014,-0.03254712319935076,-0.020533309875113866,-0.015392561063571588,-0.03153216232885401,-0.061017848654970196
199204,-0.030734317583247607,-0.04036914969192392,-0.1250729883615745,-0.04074414091917277,-0.0477565811944269,0.031255331527158196
199205,-0.010226184743328577,-0.009497961730489057,0.03639326718269066,0.009973227350894582,-0.001197809061630137,-0.04
199206,-0.056604509162993956,-0.03982585831220859,-0.07771717956182597,-0.029014395273630676,-0.032504923462331484,-0.03561378173109191
199207,0.05284686233871671,0.052082464727865804,0.10036419314890992,0.043476137870538584,0.05701781436512595,-0.0028240121281970596
199208,-0.03392143597943766,-0.06819654703003585,-0.053990035053733676,0.013690404347899008,-0.008983012681675534,-0.05462513286172597
199209,0.046095468862979994,-0.011333165409949117,0.07223710444782915,0.054579014290377814,0.029752079676226822,-0.006821137149319026
199210,0.013380946014159206,-0.029239453155570316,0.038134881660180614,0.014798345956391958,0.08063998040363919,-0.00644797409996975
199211,0.020983244988274353,0.07126935537429328,,0.09494408312274825,0.09816349796453933,0.005525
199212,0.020711224894220472,0.03955286079603561,0.04567187477122301,0.04375886131624318,0.03654918464213626,0.027151526753895185
199301,0.004458123527408436,-0.0013849319580893924,0.011697522535656963,0.04188285285201652,-0.0023623008653518808,-0.005440430088390106
199302,-0.02092,-0.00223419234672228,-0.08612763062914802,-0.023221852187858126,-0.04591267072640623,-0.015687199381410166
199303,0.015853116453542943,0.055031562352557864,0.020495396158045947,0.0811317655492071,0.030190812249866392,-0.07252030819705405
199304,-0.09344196059263118,0.010940375116539017,0.018908,0.02130372883558239,-0.05016256576119944,-0.02935835824559481
199305,0.017708170068969457,0.011903922411242697,0.06301709054286785,0.06339449436337954,0.03917931676689531,0.1532490465328804
199306,-0.021236322062339608,-0.003594296899944706,0.017364771600993215,0.013702408791865413,-0.009666610366411239,-0.048579395197928435
199307,-0.034999781049616666,0.02089769421851064,-0.05545748492091511,-0.010060429029258185,0.0314401227150721,-0.06707224387570378
199308,0.043979092878163824,0.062443858125983645,0.13719994868342686,-0.04780690676570434,0.04993784092587739,0.03768786693882623
199309,-0.023642538468272054,0.018853316334375588,-0.033770444658193774,0.03627894208575159,0.03252871806739066,0.002736920431462325
199310,0.04874807762955773,0.03376754868310605,-0.04612257442990591,0.04771297540137218,0.008507342500858033,-0.150183
199311,0.016013433580560652,0.008469065312492963,,0.01863754460384876,0.008992703415220404,-0.019446632797613828
199312,0.03493641529984794,0.024397884079608818,0.04485550533787922,0.04799433946633703,0.05170690082384955,0.02147750265135301
199401,0.03078523504688975,0.0019538189267964932,0.03372692217512868,0.016769757405308436,-0.0012339786154634646,0.011675459514128137
199402,0.031479167565945904,-0.032281433838712556,-0.03275007910633358,-0.004841467903903703,-0.030816996275011475,-0.021881672378591815
199403,-0.13340631483094637,-0.05252603424880403,-0.040186281503678936,-0.08099223014683224,-0.04679484006290265,-0.07955137657631652
199404,-0.033818770525642874,-0.00925926774509558,0.008006757504295045,-0.019904753901500614,-0.01835851919969241,-0.03362455275937457
199405,0.03066677337115456,-0.018583187951598877,0.09176912612605401,0.009446539804298697,-0.0666845010754466,-0.060606
199406,-0.042242320947754604,-0.0008237695688913841,-0.03677380931182842,-0.03066575936818188,-0.03204690145253758,-0.04610232880398616
199407,0.06389161924363541,0.0201746587555295,-0.08465471925150735,0.0447386933883291,-0.0036931322200747154,-0.010803658690490402
199408,0.039482027451358453,0.05238999768455839,0.08307388510148657,0.08705675852488277,0.020568558692525562,0.0539920168491476
199409,-0.009899147331324337,0.004886886126625713,-0.02392733152275791,0.03221594077537316,0.014329470377815906,-0.03774826541705551
199410,0.10250483032690767,-0.02617992087125033,0.10535990047998556,0.02965102377266177,0.03382202781893483,0.026327103059681306
199411,-0.03573919290763916,-0.043984974810663865,-0.050893013345696896,-0.01632623088225764,0.01976017368578994,-0.046154
199412,0.02569900795619955,-0.0004931083592560903,0.02596170282808809,0.038628382825690984,0.02906623411663017,0.00773805235292892
199501,0.02782770896823391,-0.036854557044259724,0.01524851322446941,0.012221862050665461,0.016101608931760412,-0.0616083267781373
199502,0.019534759771734966,0.01731315975919749,0.045854819796612,0.060763876373714984,0.0415176033078483,0.05840891518737444
199503,0.029620961396472394,0.032380976335591734,0.05417210585022104,0.07553670588611272,0.020641043407245766,0.020868314414879862
199504,0.036717349218785375,0.009433442403677984,-0.013492475705145194,0.0798145509358798,-0.004349568493118634,0.067632
199505,-0.007088945148636198,0.02612534009592616,0.059283587923145864,0.06290971483682416,0.04748002181145395,0.086957
199506,0.039732321360090875,0.03315256791213633,0.038562818402897533,0.10727710242599825,0.06209850336167121,0.031127447926764244
199507,0.008260058743857008,0.07780863761156788,0.09001810866293201,0.1384456834976405,0.07889026586608737,0.042493
199508,-0.03924259233295719,-0.0195339224566339,-0.007385528629894885,0.15206438599931157,0.06591697348380038,0.16702285437810646
199509,0.021270055849175455,-0.02192045512829569,0.07654370243214338,0.07517147032152992,0.029116624991333922,-0.033336833889654104
199510,0.04418792484908321,-0.05939903280091248,-0.027675023903538334,-0.032584230264412234,-0.02450777726526236,-0.00390784100870815
199511,0.06676753781908648,0.06353277692861764,0.10312483825257046,0.03979022341501061,0.01083467044085173,0.04990901962686192
199512,0.027620357278678023,0.015599456951090355,0.03604354089738552,0.049559414462598116,0.016691061534392905,0.004825170223851427
199601,-0.036151069630745186,-0.03516565628983586,-0.00016657986396592629,-0.0020515708672400874,-0.033681555421500496,0.026395972729006362
199602,0.04833421028302675,0.03707613555295809,0.127962,0.14412568965528968,0.06551878933339861,-0.024742682939650623
199603,0.052352685848159095,0.010067800644014895,-0.0064961726632226996,0.023431540277333015,0.04242411798219251,0.005499585762250887
199604,0.016838210047326593,0.029453192340635113,-0.06447713491691467,0.11407315792192818,0.03393161224476742,0.08992980372608972
199605,0.037631300248490575,0.011203871706208889,0.029236862907595116,0.11949629724668684,0.0489231095792034,0.013932426956272798
199606,2.867538042376831e-06,-0.04527212965614226,-0.01497586847623081,-0.014244428337652866,-0.02945318306735916,-0.06848572162200828
199607,-0.02774633305086202,-0.07714712112515677,-0.08580956542271129,-0.028593271420997577,-0.12211064217448092,-0.024782499340150282
199608,0.028691609673660422,-0.017152572361910444,0.06374601202465947,0.07223713199451685,0.07678241908063396,0.09906075043735463
199609,0.07610119917562522,0.030108171623656685,0.13489780873143228,0.1058911663696278,0.016806777207093927,0.05540832876800387
199610,-0.05286397586306176,0.005501330471312385,,-0.0876402592000298,-0.04519940642554668,0.06794916260877859
199611,0.05299043287776696,0.0641638906070171,0.05648241159221157,0.18381124544731614,0.04922092062892257,0.14563176191294125
199612,-0.01182840090886304,0.02323031681228664,0.005401216386156872,0.04431265432998291,0.03175245862219949,-0.005219192714210048
199701,-0.03387497294284382,-0.012584677654003614,0.028767733271588748,0.04136430515647395,0.04840006063247856,0.007780593400200509
199702,-0.015024274782067231,-0.008181054022084293,-0.02046469007272899,-0.03929789955053672,-0.02421958362287246,-0.033256175029550854
199703,-0.030748896851023565,-0.06956722043403916,-0.08405200691793929,-0.04950280557968658,-0.05699299622590623,-0.03422153063418111
199704,0.0763262898281399,0.015056270981156332,0.06268314253421187,-0.005217752697363808,-0.01617970761301721,0.091716
199705,0.16303898693877839,0.14965347704780546,0.14526124951011368,0.19569094944184867,0.18127601530774393,0.04192687327578534
199706,0.03835236425977164,0.036354759724022245,0.023557854446949182,0.05224313222333115,0.0566336500510061,-0.018672940998682525
199707,0.08502724395319038,0.09169878687538005,0.12290036462815454,0.057343180025378054,0.06817805148994863,0.07249286159628299
199708,-0.044097674367483373,-0.027049570108782672,0.006856280534365116,0.021976990639455914,0.02134071709201829,-0.04562861463243003
199709,0.07766220195931103,0.06275577046174671,0.054032193394608,0.12310957913864935,0.06749615264082919,0.08368390337163295
199710,-0.11145909611826735,-0.07213565133538545,-0.003170123663809312,-0.05539048833920043,-0.07890547158144501,0.060063957114268963
199711,0.07284942919129662,-0.053742126974184505,0.04038640832704575,-0.04164720914764472,-0.05152020151067258,0.08808614002459378
199712,0.030899992296518936,-0.013645455890604629,0.033971553554173,0.0299792993675375,0.028753045673136232,0.03257964047425012
199801,0.017320242901103823,0.018570879600849997,0.029667147744781394,0.024940240611755937,0.016208217358366583,-0.08897761357015607
199802,0.038090039684387136,0.07924117173831025,0.09064561649149616,0.09966752604499136,0.028409363439680396,0.10420783671867412
199803,0.08201034330457024,0.025583648099776084,0.0850431618149617,0.08749194978709912,0.06700920713143386,0.05199083792472933
199804,-0.047401775032655774,0.008663970682452393,0.024012995458519003,0.02594435111855099,0.01744255720374978,0.130178
199805,-0.03434318755352723,-0.057159717615496125,-0.08487622641860573,-0.030597085838509033,-0.043207179735728435,-0.078565
199806,-0.036590856112206055,-0.05304007768551423,0.1918024136454394,0.030991998402686165,-0.015578832884196338,0.02982439359040296
199807,-0.09812643233624367,-0.09701948040893622,0.03433085738854731,-0.06509167601326078,-0.06766368723870653,-0.005464
199808,-0.14875573888234106,-0.16525791857531308,-0.15548672078735157,-0.16691667019819248,-0.1262929674815984,-0.06536
199809,0.06482133101412957,-0.048876480537320306,0.006711405404246292,0.0578732463411498,0.04946649699956658,0.015246068859564643
199810,0.11114389680330174,0.04931734718942324,0.22342616403489732,0.10512650264132824,-0.005997540256450584,0.13401512304677335
199811,0.05089642966440783,-0.002217697762691609,0.07925742547932502,-0.00825770789090718,0.028683337671841586,0.2628352659630576
199812,0.035375808675550346,-0.002965492445299248,0.07530823675742805,0.0885185700368709,0.023216842908263213,0.011921512180705167
199901,0.016338469616693288,-0.018900427645957868,0.10607480979773473,0.058805352285995934,-0.010559950219049003,0.04773254050176847
199902,-0.05589031283961763,-0.06625894251667992,-0.05275319177572891,-0.08377408583306134,-0.07200193850721075,-0.16401454116241032
199903,0.00416225894683645,0.014515379343759021,-0.012469152977380155,-0.03791635118398202,-0.013555090757886194,0.07715128551137176
199904,0.12736178540968537,0.03693091336814579,0.003952641067833529,0.1877140618193618,0.00018126750514633767,-0.1578507976635095
199905,0.006844981462932691,0.0857913313626273,-0.06201978576195247,0.08512565775555556,0.009652532834551638,0.07597026023637864
199906,0.0288429680157711,0.005647671415053853,0.08103391538590683,0.056772471396158854,0.07900323409626303,-0.032063957661949104
199907,-0.035549915242593544,-0.03350944564834827,-0.04477125263858099,0.011581307620838033,-0.015695335559091587,-0.06515903558028571
199908,-0.061353908737183036,-0.03550780042997766,0.003829193504880969,-0.0685039508397631,-0.039724954977830886,-0.017611708075801258
199909,-0.04061363277383721,-0.05886111813617396,0.00018629905165232834,0.07343621622369177,-0.022884016669919016,-0.02488873132908552
199910,0.02672612316311008,-0.08398435859439218,-0.04220847874791591,0.039865773939961734,-0.06267526375613212,0.09615798281682006
199911,0.06300302062933519,0.03795278400049268,0.1959495559354435,0.29349381607403263,0.20579068228614042,0.04135321958292151
199912,-0.0009186178852675234,-0.0020673758893782626,0.13602160315249526,0.15508444942222,0.04019985659066445,-0.016874190394376508
200001,-0.1407878646365909,-0.1276793545953859,-0.18099406942891821,0.06806609162840746,-0.1274768085834067,-0.17349216538663378
200002,0.05358302313842444,0.0021584280175875655,1.057034,0.17882771302243838,-0.029758084855249067,0.20941411136817475
200003,0.014405179557638264,-0.03462154598461625,0.04164929071438969,0.11580293736910807,0.015260994209871568,0.09273610007968112
200004,-0.012592440763951163,-0.032349113633709216,-0.025453293308813046,-0.2411666183571564,-0.08281850836616643,0.020325
200005,-0.0631343498574659,-0.056252960726607494,0.011681003098015709,-0.014355533775661207,0.04369366858337025,0.01241805747380007
200006,0.1294904835710414,0.04982829193250578,0.0809937999494611,0.12144516276718942,0.08315698116956333,-0.04373620288627106
200007,-0.04850306517049477,-0.06431011465512089,0.030421443556186378,0.06743600297106483,0.019594520806506033,0.06845485700379707
200008,0.03015029875705038,0.05402382997268915,0.08984051627956202,0.11621237505095762,-0.014791867392845024,0.019669370929612785
200009,-0.06916918106688125,-0.03482856586194543,0.02705938558423751,0.0012181783154776625,-0.056881868863132526,-0.14615417561661645
200010,-0.05911974882091511,-0.01446096797633203,-0.11379223624585545,-0.19253778143380745,0.050596533428697334,0.02524116178621219
200011,-0.17491537688652842,-0.042799441477359756,-0.1465988054026343,-0.09181923661295528,-0.08324071737866394,-0.20052868469645269
200012,0.05246869715485248,0.06159750202791237,0.037930888570237575,0.09920607988455353,0.07839872588682287,0.08851898126252213
200101,0.13822245012707318,0.1478300384527378,0.14231139947193874,0.083785544766684,0.23934871360277887,0.26955137661956285
200102,0.170117,-0.025578973417356158,-0.1213883484509854,-0.12529619061681452,-0.04608192922076107,-0.12270349785140508
200103,-0.03559008577245305,-0.06536855169507653,-0.15922987177083828,0.009589306074078645,-0.0352171069499285,-0.04123349116813177
200104,-0.021680467399282356,0.11584795832003272,0.01457553193242428,-0.022650016384004983,0.024183728974762148,0.08869434360988905
200105,-0.020780278294850883,0.00796226815811731,0.0831753676902707,0.16949828795484706,-6.946466060579748e-05,0.016808
200106,-0.018643229085113174,-0.002693560404821145,0.015915281325246125,0.0543383688576004,0.05757654747731951,-0.03566729264085294
200107,0.05025416917243548,0.0020252902240648664,-0.0037555100233112367,-0.07593053121785658,-0.06243074544935912,
200108,0.003009,0.04239943390131569,-0.05671752401296604,-0.035778068951285075,-0.013620265911208285,
200109,-0.10362919850143411,-0.11025130208447585,-0.18019027497562096,-0.17584194944488857,-0.09991978488902348,0.011359462978594526
200110,0.014778837530985621,0.012606593418423295,0.1672430338276956,0.06129952687505402,0.03871955773406327,-0.06439917194887779
200111,0.13796747879791887,0.04716315763066888,0.215152,0.12265261489903376,0.0777354406151783,0.06424342676930592
200112,0.02404540263406328,0.055969316457784045,0.016211658021984324,0.09523008316147552,0.06121634965059085,0.028737506661985535
200201,0.02187428457103366,0.05707144333823695,0.02376273056141129,0.043851199567981336,0.059084312079776644,0.05095692243163934
200202,0.059291,0.0032449756230188706,-0.03484700880980812,-0.055345393157782904,0.12870265769093212,-0.10757397864879946
200203,0.03395059826459039,0.09655582445159777,0.08984661609188284,0.10266096469698865,0.07312718826551676,-0.039292059799346656
200204,-0.01681544963769925,0.08016782616700716,-0.01381000661416235,0.00945171872999668,0.014286613821103866,-0.020765201989480356
200205,0.02294997979076979,0.022325454625245253,-0.1196587277521553,-0.13566337246482196,-0.04664753008398374,-0.02683805020192361
200206,-0.08892562429896834,-0.03358918177912033,0.02653899677331631,-0.011488722036982903,-0.06615620889107321,-0.09337132361774361
200207,-0.12637919788461113,-0.12038763919313517,-0.061880145638097794,-0.13304283602208616,-0.12815919296548842,
200208,-0.03365144919456024,-0.04096840779831581,-0.00203400759130745,-0.03874471481266202,-0.035887864936717265,
200209,-0.06102775956739449,-0.07244474042434576,-0.025597923158101877,-0.07740874210889533,-0.049755690728338395,-0.07656356974968641
200210,0.03768983071168682,-0.0007288405304030062,0.2406977917032916,0.1283606523699927,0.009913507345787397,0.06095558683371
200211,0.09892426213261243,0.026040331987775004,0.249154,0.04582286037877494,0.06705535766559559,0.1254342578254173
200212,-0.027849193624058435,-0.008716363543827634,-0.05463068763054999,-0.02842647681501912,-0.00187887942969833,-0.024902071683964293
200301,-0.07457367655639915,-0.031360880389296325,-0.07945727546263576,-0.0383997742229822,-0.06096439312196909,-0.0571369046270141
200302,0.08767338841690332,-0.0578368555218119,-0.03705737906491499,-0.0777010206029288,-0.03755174266718166,-0.015141624293318383
200303,0.028348711274828547,-0.019033880335803544,-0.0003932212770740885,-0.03389184312415485,-0.03226173927016577,6.836452482548907e-05
200304,0.0189594926861165,0.10165416408343496,0.06183333012295348,0.12315899874664052,0.07718254298181632,-0.06629716166114778
200305,0.08424277963619983,0.04167553584206139,-0.005067997169936126,0.12191637439460899,0.07273794764431234,0.09984204888031119
200306,0.017956072020721685,0.02542154848633716,-0.013398360298925995,0.044770373596218056,0.05588504429508982,0.05679242387974321
200307,0.096738,0.06477488901968496,0.14688087844476647,0.06755534009551606,0.051226173295423,-0.009312053455823643
200308,-0.021391105122986226,0.05121327633661515,0.09274756037584236,0.07523436009395082,0.06542968646247761,0.10257
200309,-0.03921770024334983,0.00694729655569119,0.0015606225189707555,-0.021102248336709203,-0.033486576895947855,-0.0033133462858708678
200310,0.1487218333080136,0.10763204974903087,0.11618016147468296,0.13174841395575193,0.09235845944052623,0.09582806058688277
200311,0.011601,0.05155995665857338,-0.055987,-0.021046356645256586,0.03490496414947224,0.010413649076584583
200312,0.0540878324447412,0.04720011835407414,0.05736059752387826,0.02426287353608205,0.03990385730010912,0.06396387860020138
200401,0.0010354912441285715,0.022757282295054294,0.00029719926450085557,0.08267448725761944,0.048732669993220054,0.01734705908322889
200402,0.030871857699486818,0.06193040570733692,0.04392771775896767,-0.021338884557519044,0.023860191019860283,-0.015744
200403,-0.021879804704498254,0.05168663264432451,0.024563690107337565,-0.0018507692266230614,0.026002840302214583,0.030971009548073036
200404,0.0007737985662885551,-0.040803653337445484,0.025061040219740968,-0.04408692040698149,-0.03567693199509388,-0.028535271455238854
200405,-0.0008387635271497501,-0.011613621318326018,0.013225034720678958,0.05375305291845931,0.03284774003118677,-0.024536
200406,0.003507035944049356,0.028122824564449447,0.0724029336420939,0.04489704694874711,0.014984001767887493,0.0451539286507809
200407,-0.10338231435788488,-0.056600168456719085,-0.166667,-0.05985318644302195,-0.0699980908216834,-0.01743
200408,0.005805586063477457,-0.02712632641771622,-0.0396480325321103,0.00989667664888564,-0.028610529300175366,-0.01713221225697343
200409,0.026369043118498588,0.018219725624034067,0.04970995266604496,0.05897491809550623,0.02786140202949918,0.037020036059448425
200410,0.0011493613645188181,-0.005154437855717968,0.1233781676468582,0.017444821925679473,0.021280883727526206,0.08141854982166995
200411,0.04883917895826933,0.1315314969098283,0.09722354029015734,0.0848771767462663,0.1054941961458506,0.025559553562686122
200412,0.03868473705397276,0.024792433024183234,0.057892972806437445,0.048964095489868714,0.027863288455539988,0.028026363177193283
200501,-0.015597110235909989,0.00019048239812498007,-0.014734002475349393,-0.041557378710305334,-0.02029134353513594,-0.004971697612092058
200502,-0.039061428869556526,-0.011419923716774371,0.010302228381081665,0.020498475320901134,-0.0017914037516285524,0.00862883488344942
200503,-0.07130180475758305,-0.0137558996643428,-0.04753252932531626,-0.014156984736193225,-0.010523498990308572,-0.0790310267680129
200504,-0.02514067953324087,-0.072593596721646,0.024326050814240482,-0.08625133947236208,-0.13112251590844526,-0.010267025756430376
200505,0.08496488289177392,0.057050753737952625,0.0004892415725788134,0.1197847175023156,0.09932575490842221,-0.006913740077929352
200506,-0.03437736160041983,0.03363710289365998,-0.021182434375430978,0.03158469792346005,-0.0020296748432874936,-0.011110346358100754
200507,0.007485187758881049,0.05320967727530865,0.06728848212538475,0.07833074910754582,0.07139765869712324,
200508,-0.06042058517733721,0.008054726105131041,-0.025006466678546717,-0.028850773152840424,-0.1081939699519418,-0.01332144692327103
200509,0.010078445722252341,0.0012418040408673815,0.09253049190998494,0.005072113089093414,-0.007929099872266894,-0.005332169603469453
200510,-0.04291749906196929,-0.07081145016587648,-0.04335973462236981,-0.016261756348601702,-0.01891392382356258,-0.031564378380090324
200511,0.09510696549998969,0.04452736181807781,0.011163,0.036752472727111164,0.01992369603510437,0.03502322774791565
200512,0.0034579671572597843,-0.00037295381052659195,0.01673660858727688,0.009339222481173661,-0.0014307440468766643,0.006374764662607905
200601,0.011238371856095719,0.059485156803398505,0.014088882993041202,0.056424087645315514,0.07380004114437153,-0.0025015383360165394
200602,0.010102343300597921,0.008983838994031655,0.028468419772491534,-0.01439702520304988,0.021499885375416233,0.027855
200603,-0.01341310146422362,0.050996066794577084,0.01490512755759136,0.04591722035296315,0.05196761276802332,-0.013503103614844535
200604,-0.016807216438593987,-0.026403120868590806,0.06211039523815906,0.04303857835237937,-0.001799780318379375,0.016816726175065553
200605,-0.028193461639811027,-0.12244866499696642,-0.036053887833226404,-0.0632437466839548,-0.041324114101654194,
200606,0.01942891523673822,-0.0063435308360883244,-0.0014936495544209429,-0.017284207966176482,-0.01601567885644276,-0.001931562942929628
200607,-0.022028508131666145,-0.03720005417870732,-0.0747937409460385,-0.06852577547398399,-0.05388136852123365,-0.115789
200608,-0.0025159210785173436,-0.002509819088279581,0.08133448951404407,0.05933366239729793,0.029268370157404557,0.029823670613694002
200609,0.015914304256350206,0.01569915193110082,0.10163774172606922,0.004779586366706412,0.021780712267621606,0.03565402559179873
200610,0.04385797488132538,0.06312916209059766,0.04207115623372396,0.06796851737750458,0.09070389375052003,0.015351977408416399
200611,0.012509486953122442,0.05918349602857552,0.049935,0.018966287697325505,0.04626992672232309,0.005677538569232142
200612,0.019749133454704613,0.008567183317982681,0.003484694849887983,0.018334627607595976,0.010789199607217907,0.01638719697448796
200701,0.02879787519847729,0.03433401080895325,0.012305521634126858,0.014032146585481194,0.027191063142450764,0.05003004305863515
200702,-0.058486320808734116,-0.03314951843908796,0.04889868958985785,0.011619202444131406,0.0030653324192605495,-0.054515
200703,0.00406770506662906,-0.0042929732717727955,0.023414915957198443,0.009274122946649269,0.011200845496399893,-0.003881391171066881
200704,0.052853575365908685,-0.09890236996717411,0.018894,0.0009386559933541897,-0.024755760842843127,
200705,0.036579670943730005,0.01715504715574358,0.06953910437392148,0.027332413156991565,0.08411343462877782,0.06360712439137674
200706,-0.012168360423634783,-0.014018682695411608,-0.02778402832509301,-0.0074966741923685335,-0.0021672291527087837,-0.0389239750406902
200707,0.03154094654850817,-0.09157066639564944,-0.08195234419226809,-0.05710163224222234,-0.08330884471056468,
200708,-0.0065798810187225765,-0.07993834747265792,0.04578225176078548,0.059051508175169,0.021231011973462766,-0.04212045604893527
200709,0.03130770559599065,0.0023774470563728113,0.10882290259411248,0.045897546858076815,0.013528069542282285,0.03135762273385101
200710,0.027064858899773128,-0.06762745332642996,0.16262060099847264,0.050251719680891684,0.005595034970202558,0.03810891851057914
200711,-0.19418062833253558,-0.06792397003222728,-0.10247775336575779,-0.08499170517762175,-0.02916367325711813,-0.06309704015767574
200712,0.011994275089727993,-0.02359344710558927,-3.2227068101337844e-05,0.016739916589166754,-0.007066322509072991,0.0027176964032936536
200801,0.0456424715556051,0.016708812888949764,0.05800179315271818,-0.071521825767782,0.052396279181070995,0.008903887603464744
200802,-0.12266041696157626,-0.06720162710960424,0.08398136855748092,-0.09600849442189355,-0.03859491368388106,-0.120213
200803,-0.06708827216150086,-0.04345376763064212,-0.0040200231449835965,0.0017083880211132155,0.028239037651970472,-0.07522163034825873
200804,0.01950426338925281,-0.031977090940143775,0.027226139085028765,0.07471912131208237,8.116354736085844e-05,
200805,0.012989880938028003,0.050278326868740265,0.055315054847645984,0.05243439375650776,-0.0169315916387865,0.022937
200806,-0.060153068603128815,-0.10839658978968912,-0.07140337449597503,-0.0634546888687927,-0.09258269063799382,-0.14086904927083682
200807,-0.0546,-0.011755125976313504,0.04191333874189593,0.02028792349681521,0.039806571055801765,
200808,0.029727568007385824,-0.1022759600027073,0.014211528097951513,0.00805074525068203,-0.0017336455468081966,
200809,-0.10037426335086405,-0.15577598101158696,-0.21086235223619007,-0.02202599966125511,-0.06914944843433257,-0.20661525034920913
200810,-0.19660525407089774,-0.3177317281840806,-0.13409959907668983,-0.0969436827304381,-0.2921149475546373,-0.20848924417259126
200811,-0.14985321506275712,-0.0832483623836299,-0.1334060603733463,-0.06783261990294559,-0.05306143493857289,-0.164898
200812,0.024354966080863794,0.021499212724198524,0.03970959841701051,0.08095514219277099,0.08134846789548249,-0.009179609435681475
200901,-0.11449099490977546,-0.05732172465704632,-0.043258375236885804,-0.10396337095630115,-0.10262631053354068,-0.09275135426866553
200902,-0.17093032212267834,-0.17796140689410592,0.032514613775281816,-0.12529004333803856,,
200903,0.025878345979376344,0.10989473603611115,0.058689666961169444,0.1169489339125172,0.10116476307937988,0.058986803868668294
200904,0.10154966871826313,0.27987406731947095,0.233154,0.12806401709468274,0.07378909862986094,-0.03476624451115562
200905,0.023146978164259327,-0.008403323889642779,0.025786275777397276,-0.0033541569276351844,-0.0513562759060916,0.29598098089221486
200906,0.06227497859358135,-0.0052866613369940176,0.0005169098076787714,0.006385485905932613,0.04282593498017877,-0.05463788033852702
200907,0.16022141918907093,0.033938854440590166,0.097286,0.16478727493116463,0.057633719598865436,
200908,0.012891424410596111,0.06921495960443853,-0.003736,0.05587338221546316,0.02196457920131888,-0.039624312639538306
200909,0.07697668657220927,0.0039500812872167316,0.03142592537769605,0.05417404693406759,0.04431378107447927,0.07921154732728626
200910,-0.040436937002284914,-0.0036367729768303045,0.023064152753294376,-0.0852832035599484,-0.06453567790681046,-0.06537250506655434
200911,0.019137,0.08795198418376175,0.04454643309410033,0.01785668882522957,0.049711108167175194,0.09803917278730961
200912,0.012643784025870632,0.0623633942458883,0.0339424070486863,0.08167907822197236,0.06153117642785013,0.020635818099313787
201001,-0.024003194216832828,-0.03977751729177172,-0.049503721180013636,-0.030011956769610174,-0.06836017223327663,-0.00858485682648357
201002,0.04095061790246762,0.07169054521225755,-0.0016347510632609003,-0.04368191175520766,0.06684502674492906,0.08657208343832053
201003,0.069832007638013,0.035498875291295105,0.07755660393030263,0.07713410596581974,0.08817775689159743,0.05927987534953908
201004,0.010686155460833131,0.02182400094902698,0.065458,-0.03298029231715938,0.07657842019150841,-0.020488676172525137
201005,-0.10095625265869206,-0.047447289127994924,-0.08840966383207557,-0.03781863188788345,-0.08990763710233883,-0.004920759589612708
201006,-0.03614279464488078,-0.09960657315136932,-0.06006029020441603,-0.07314340953966333,-0.09394353365908568,-0.09564704269898423
201007,0.08233386730230491,-0.18782223833143988,0.13642465955149494,0.07717327629771897,0.08757724405614298,0.009629
201008,-0.03796200496537519,-0.0991668376120396,-0.0785926306541567,-0.04892324878673289,-0.03951157639348459,-0.09852869429993426
201009,0.13173199438515687,0.14155795445150207,0.0980365274081903,0.1693629961964567,0.09626296982494124,0.09552011184066188
201010,0.053258629953858765,0.0149606225427975,0.088832,0.06957620090504443,0.04085856311267482,0.01470720971265756
201011,-0.01497111070326482,0.022641644432642355,-0.0012228796691178788,0.040885782147121776,0.020288021640255317,
201012,0.07144845724017784,0.06814082824630568,0.0663565794282485,0.0894093368014945,0.08431956973827094,0.07577379872130965
201101,0.006905097277082794,-0.047701365599869365,0.020919643760211333,-0.012585153353425,-0.05062252323651701,-0.028809294407528135
201102,0.02880745632948957,0.008623042004495061,-0.000968,0.026354793932853202,0.0852179357637097,0.03167523045614719
201103,0.0036599392471814325,-0.02163207253798634,0.009572412920419727,0.0458948274578185,0.01337931085844632,-0.004388975392175726
201104,0.05774578863844777,-0.010428947831438305,0.06009878671160166,0.02940172824268955,0.054513167551225455,-0.020781
201105,-0.025337118736554,-0.007457864108529572,0.020438037817792465,-0.02047449088971375,-0.015333219989398142,-0.053567
201106,-0.040768519908194946,-0.011122507842941063,-0.01217563534645501,-0.00838090974093004,-0.0255064900186032,0.020557428859539345
201107,0.01935871383954172,-0.13400239169275577,-0.10569593229963953,-0.01559393888153621,-0.08628537137619241,
201108,-0.03693605773494597,-0.10222121445760848,-0.035957175789527555,-0.13600341987838013,-0.11145380050086368,-0.09027874259524934
201109,-0.052634754310479905,-0.1348874461443288,-0.060199707723493964,-0.04045010324003085,-0.08936780821896814,-0.1366430503787439
201110,0.1253407330148158,0.025479299461197237,0.1302448700420687,0.1928484462328558,0.07967370968205029,0.10217104646644817
201111,-0.04807737913278712,0.01961710295880758,0.028421066448537636,0.024972706552258077,0.02913332229549611,-0.014515425934492716
201112,0.01872641546779045,-0.010650326391906226,0.0053544826793458285,0.006158974480367016,0.006473628202162969,0.005056512031279341
201201,0.023737287892842813,0.09105915667046456,0.06651751501760512,0.09960604605071828,0.06961589856990516,0.05760978959696012
201202,0.013914143880645507,0.039396195685635405,0.040261643740796334,-0.016941198981574184,0.0486431259972205,-0.148226
201203,0.025725945371833796,-0.000289268834220082,0.03173044935994011,0.030533753720520328,0.013745427118027514,0.02078918767583212
201204,-0.006865160883843597,-0.027730972658744628,-0.04740341807654634,-0.06771716601313889,-0.028049256800282717,-0.022480766210865158
201205,-0.07382627589144095,-0.1066015458455164,-0.022827582917536008,-0.03711548972290824,-0.0247687043712499,-0.04734671390850467
201206,-0.005097934694057488,0.05487263174108789,0.04232958445495196,0.03143242374128181,0.03176322872296443,0.037968235471611746
201207,0.008207244994924617,0.030270950229176617,-0.015426302198553725,-0.03853523003932593,-0.007681161587743137,-0.066395
201208,0.011926874185104581,3.214798441176329e-05,0.019788607492739193,-0.033516895113201904,0.02235213285918655,0.028848018221909938
201209,0.020596466783014456,0.013719263281635825,0.030031115716230312,0.036061478625900985,0.024661549891146103,0.009395976114042404
201210,-0.005815077689537696,-0.013125035130922785,-0.01523348673922085,0.02917758953407133,-0.03398495491571262,0.0004211080706986083
201211,0.12666542867301736,0.02277040734967762,0.031828630458579345,0.018762528851731915,,0.01495841763853981
201212,0.010440741185376164,0.0337591472369356,0.023502349383996566,0.043936103610636455,0.03208007439704282,0.026395970657711064
201301,0.04149299600801278,0.09208061509482253,0.07555686040346425,0.06509389595476635,0.023686900821485266,0.045772015603729496
201302,-0.025115055114331045,0.019339799170003006,0.08159157093797678,0.15161223557463496,0.0687532042698114,
201303,0.053123486565202285,0.014234773000059833,0.038848094557770725,0.050778392537893305,0.06526512891381518,0.0313143000547511
201304,0.01101726344881359,0.02499257482801168,-0.0059889507026684875,-0.02016222363307847,0.013528713709235984,-0.007207882037623454
201305,-0.045685555197493996,0.061943919330043645,0.008016665197653747,0.07531379903102167,0.07878789788513145,0.0273579117264964
201306,-0.006920905347008615,-0.062293406636379195,0.0006065447297579927,0.045770701809663424,0.025188428633911887,-0.005002382883864672
201307,0.06289516103494341,0.113629,0.051685358638998626,0.06950249423983677,0.11397891815776132,0.058558
201308,-0.019849610278584368,0.015047024375137438,-0.026972392161870005,0.02086969647800018,-0.006481847034784955,-0.023016825899600326
201309,0.04204515833125901,0.04011285607609664,0.06455382228384092,0.05190655307358436,0.08827699980725878,-0.010594122522002399
201310,0.026747907185254403,0.04700580188413249,0.025334669110829853,-0.01607393930207948,0.046380892481864264,0.06183412869009134
201311,0.026603232006991072,0.03315075300299804,0.04027170889930569,0.029497979942559528,0.006897,
201312,0.02511289250823266,0.014224813704212459,0.036998484293406485,0.03343832818624911,0.01489814395303154,0.027222525461133528
201401,-0.10533891032728067,-0.08021495210379603,-0.07350504456168101,-0.06460825081063244,-0.054644784298630955,-0.05556948457948728
201402,,0.03788286480254026,0.08608859894177329,0.05151100941654102,0.13832984720838257,0.05946296635569187
201403,-0.009737599800829212,0.005657782208807038,0.0028924700791697283,-0.009884641278113086,0.009443553583887704,-0.04775170457309461
201404,-0.03523554113398145,-0.0011886796750381848,0.0038174643239782032,-0.0934346627034324,-0.044296819626858726,
201405,0.028429237149417533,0.06055813906995053,0.048763088391796966,-0.046509500542298604,0.002374005410341477,0.066942
201406,-0.011504373769642903,0.08759602848841015,0.03654047824421974,0.09354584655676715,0.04476406124614532,0.018331342511899888
201407,0.010035171713330666,-0.060819,-0.023495282403764712,-0.06556835808217465,-0.09510841821860003,-0.068577
201408,0.026270205611719024,0.06818450898091731,-0.02631500991143144,0.08516812553980727,-0.009598164617780649,0.054092216205680374
201409,-0.026866783672622192,-0.08057608945470852,-0.007786997505296782,-0.03432534966421084,-0.0474793654126717,-0.02269369015966367
201410,0.039906094235341194,-0.02031199332412558,0.007112954568934404,0.09239285029561908,0.06217611099371417,0.007714080722378422
201411,0.03245304700362568,0.08439650061569931,0.0590271278398634,0.01793910229621185,0.0250933281141094,0.07849092533581284
201412,-0.0019708267049451246,-0.012733180368199136,-0.001628922395588715,0.03078578101682421,0.013003328257105514,-0.003717156963331124
201501,-0.041958236619152656,-0.07240643249479818,-0.014640747141633714,-0.0499648827542071,-0.069942632790683,-0.011690507412884975
201502,0.06268464262443707,-0.06732173717152716,0.05461744480615313,0.04751920240678877,0.08173134929882228,0.06795536333233741
201503,-0.019417457673390176,-0.035850694063905494,0.004799052844262818,0.03419794055677798,0.014749411647820176,-0.018054060935747525
201504,-0.020832006441380505,-0.08915040738381834,-0.03518724543883514,-0.0251491366401589,-0.04742913886648424,
201505,0.005136227240112441,-0.043719,0.02408302145597837,0.022617774577357683,0.027073841963127104,0.267949
201506,-0.019412742016987204,-0.002858847779511327,-0.03662006916362453,-0.01656342265352194,0.01890927280274848,-0.06974118551268571
201507,0.038944245318004736,-0.0764494877988499,0.04561326915365576,-0.01096588604783581,,-0.285019
201508,-0.07117160721740452,-0.03251502455382457,-0.04069502129323617,-0.04477569630868211,-0.04718192877437977,-0.09157043923989419
201509,-0.019574811005179646,-0.0567272841881775,-0.0265238508201332,-0.0381934011863861,-0.030571416662649696,-0.025548455382498354
201510,0.11590240419354211,0.20179350139955968,0.05707269359724555,0.03600838232733619,0.0448240653241096,0.05605642764267587
201511,0.05970742971796468,0.00031836839240700215,0.0003024729436067416,0.01160754530250691,0.077481,0.022768
201512,-0.014331779279385675,-0.057864658076123995,-0.0025022409116679063,-0.026819580718695064,-0.04739207347388271,-0.0353069273410581
201601,-0.03455756828244672,0.0035249405043053,-0.03866405712194487,-0.056319341090482804,-0.009693525824132632,0.03414499618958141
201602,-0.02987552076921341,0.12025445801376176,-0.03170432277361406,0.05835735996946343,-0.0007104564993384542,0.08392026651859327
201603,0.10332945701412202,0.05017457173250195,0.11510309370211297,0.09508226951606054,0.0584447263725806,0.06228333287561591
201604,0.039033170457277076,-0.06531584227190315,-0.08114351633385264,-0.037331182416258005,0.004985345918454355,-0.10024628955686674
201605,0.0014038365688209828,0.079509,0.045089,0.11133711201590926,0.028344572496374232,0.007544989948241808
201606,-0.0019573633762954845,-0.01907086234409084,0.021753131102630836,0.02019980951553975,-0.006170109952860408,-0.03642007581855491
201607,0.00714064524695101,0.11276733098827642,0.00048615839123317215,0.0610655731872061,0.059228749982224146,0.07311427738471345
201608,0.004193272445907712,0.02193862946148194,-0.027102,0.019723068188456445,0.06398218951831704,-0.004247093110060772
201609,0.007298597274133353,0.029390483376198928,0.008136758217111172,0.011577861279490134,0.023776932355710715,0.039363311346332225
201610,-0.004765793451532834,-0.062455445399906814,-0.10155854689399621,-0.01736079657009365,-0.04423856185020743,0.0020346136650613873
201611,0.044162495763320375,0.01795148609218712,-0.03918932528557291,0.008532341489693224,0.07236231571296275,0.04649591933835008
201612,0.024345468845508478,0.044972957533598486,0.016611291010677005,0.029020817858403554,0.05047430054411118,0.02972000908407306
201701,-0.0007148808824352193,-0.05131666350400841,0.06237977221622844,-0.00644162401833656,-0.05687979303801362,-0.06296498269669797
201702,0.06114861284130676,0.004653307916224087,0.06431874191801026,0.042787888197212916,0.026538491028307153,-0.025390807841722075
201703,0.019494630279376226,0.022139737901008205,0.03697696194946527,0.023038884030600924,-0.006037766175233173,0.004037935715606432
201704,0.015497684546788624,-0.03550531980620877,0.026783569445085902,0.023089544970170878,0.013670138159516914,0.03618754372441706
201705,0.001740644282235513,-0.041692,0.05525874695092248,-0.03988037694616882,-0.02731339673035617,-0.035172
201706,-0.008392717741003152,0.023675752545689564,0.004565274945088233,0.04269905411196965,0.01813769184486676,-0.04606238413697326
201707,0.01357893889886893,0.04208398559354274,0.03152107304457036,0.019481,-0.004352711061060279,0.006831597493746219
201708,-0.002324594854509881,-0.02873602530321219,0.030492,0.030868729093581782,-0.019302406282374895,0.04980572913623633
201709,0.03075013091954256,0.08930496981401997,0.0069663697694693685,0.07174451501278412,0.08045985232704554,-0.04147141266029346
201710,0.03852521654051566,0.0903311606250197,0.05864697374943826,-0.03325189954425046,-0.006355877291105844,0.029218982319128957
201711,0.026625,0.066460696749266,0.036854392306451184,-0.017929926116730405,0.01832157765993936,0.03862113219626639
201712,0.012949085376196878,0.003775126624750284,0.008493966683917564,0.015761108707467466,-5.883786048790094e-05,0.024504797850229503
201801,0.07417006862771292,0.03351301693436162,0.10041106370054867,0.002365291091285834,-0.03340533641128279,0.08414621927273304
201802,-0.132409,-0.04973400444253394,0.10628548191153094,0.045090267501073526,-0.10313910706870422,-0.015559405070288983
201803,0.026698780144824023,-0.02049126645337913,-0.01205261075219698,0.027406605129028826,0.002344050321260204,-0.024544089403654785
201804,-0.007414,0.07002950342392764,0.010545507237254337,0.13216566494675447,0.011170071319332793,-0.04542971248848672
201805,0.03664596466371739,0.07374567282739655,0.034944586732356536,0.0815203043040534,0.013394297645853209,-0.005801068156150985
201806,0.0865600338900948,-0.006317264840067718,0.0006646264105159339,0.02113803960667472,0.0320500893432062,-0.06732692630775758
201807,-0.002653284874105397,-0.06171638238852288,-0.004781268017585659,0.023415913641824423,-0.0019566285937373407,
201808,0.06621784892737137,-0.02759693657962697,0.01323934325614419,0.0788514166164347,0.0300600007629273,0.014979309297453808
201809,0.01637095928548628,-0.037250919911686865,0.018670557912800482,-0.031180081841654054,-0.02911021492653385,-0.0013020337083864135
201810,-0.05510413105641836,-0.1380560823170325,-0.09365639967010222,-0.05861985585562922,-0.054281185348932864,-0.08663193894445953
201811,0.03715650353434432,0.0627712850874719,0.020155053337506362,,0.07663965840509046,0.05538005359355051
201812,-0.07754258732633378,-0.12358447683106343,-0.07245736911563964,-0.08857656044857222,-0.09045606062404486,-0.1073404720408742
201901,0.0908922958720874,0.09548898168315935,0.06760395152755376,0.030794080731085985,0.1135643232980964,0.037606960019100744
201902,0.035590497205266594,0.04759835310019475,0.04166189924522287,-0.03787081626382643,0.043375305830208696,-0.020444581542742736
201903,0.0030387156945433785,-0.030439626760977355,0.005123800710289957,0.010981710339346593,-0.04843185967624594,-0.0338635658551701
201904,0.04517570974256581,,-0.018283776755942473,0.0037074305514779595,0.039300768421639,0.07580885361970624
201905,-0.07054936812181281,-0.08029433367388844,-0.11140487003264972,-0.11610979004361127,-0.1222225274668572,
201906,0.07923730898245386,0.062142811267272356,0.06794942657367821,0.0560775284362978,0.09171510032168767,0.1067170652795723
201907,0.019677975496776842,-0.046398,0.05939879728589128,-0.06055693778396406,0.040834,
201908,0.012667341350584466,-0.15394421002680844,0.061107283547991706,0.018859516803171134,-0.022522017986768717,-0.021254476333322912
201909,0.03871212227918616,0.07696623622542144,-0.020711495504519506,0.04041306921374474,0.05689389623211747,0.0511079123506696
201910,0.035690099345428904,0.035335039706800714,0.023300820803445033,-0.020483231245329307,0.0008496239859912234,-0.0009835019897854013
201911,,0.006887095619637892,0.0967300230437353,0.05042023499690136,0.00156116095752761,0.04618569323645759
201912,0.031600322077166156,0.04193491786041115,0.026823594820706464,0.03891715952889229,0.039314855120698454,0.030608972763283504
202001,-0.02362310966477862,-0.07953443842466491,0.052230846710396336,0.06007042410974257,-0.1280413557911403,-0.048142389315282676
202002,-0.129331,-0.08968648762680478,,-0.011649330447217136,-0.10499546434587767,-0.100268
202003,-0.10837125498718303,-0.12838294079087556,-0.13571212410677214,-0.16719600850978153,-0.18440358489244602,-0.08644875050380513
202004,0.09055300502868338,0.14704630831009413,,0.08985015393504989,0.05683728260602148,0.06741427877503778
202005,0.060544478994309696,0.02292392647347407,0.10889318378540079,0.07177638082099633,0.1003260963480659,0.022030854495898946
202006,0.09050854262596547,0.02922645029101187,-0.015568752833432634,0.022738794307634085,-0.04787298682937034,-0.05356813862575708
202007,0.05468314260961113,-0.016268980836257357,0.05745587373902633,-0.021906,,0.018048643514171438
202008,0.035205980661386,0.025060357635579896,-0.041649207605938626,0.0028879774511087336,-0.017967054901802414,0.010139260494047751
202009,-0.0846289867492624,-0.04564490305406291,-0.01001886713912665,-0.035554045234933225,-0.007431493117525436,-0.02192760817917825
202010,0.03544129279946988,0.05362905732465093,-0.03364307863588148,0.025049708043492828,0.004421712743462459,-0.004514051388456404
202011,0.09091982911425839,0.1023197754248583,,,0.107369,0.09484779516957535
202012,0.029463438050368034,0.07083850249756889,0.0710958312183401,0.10586896979955554,0.07316684669227923,0.04878285730930456
202101,-0.00398392496368033,0.20717766333545426,0.004420438003576662,0.11354848805801085,0.12436138235788222,0.057080427422647725
202102,-0.004648617323705298,0.06445013981657143,,0.07034489488184248,0.09729569475328301,
202103,-0.009406058948205674,0.038180891076781895,-0.0009533142230325701,-0.0035729579993352013,0.03347923277081443,0.08390437436314427
202104,0.030182662111302938,-0.005999984015245815,0.1083230882811102,0.048485429622339336,0.04281296739555672,0.021101
202105,0.03560940379277031,-0.06954752494932417,0.029070041467052207,-0.04270825216084205,0.039228729607943075,0.07337305933704036
202106,-0.003883434850186724,0.004590825348820012,0.07675037885732697,0.014782854596581177,-0.00804256373039659,-0.020891621821875647
202107,0.04536416641164888,0.03456556757861636,0.08068307348514246,0.003332046841880947,-0.058803101854835116,-0.007399634117102302
202108,-0.0108565651641791,-0.0546126488161808,0.059928673364083807,-0.0020745825860678203,-0.019899581430268473,-0.005488
202109,-0.08885675056866023,-0.045465054770232056,-0.06030702829301214,-0.05831931954133695,-0.048417133705393904,-0.06830916514007668
202110,0.04207798129667717,-0.013029826436381292,0.07723122427196857,-0.03384284277167571,-0.022383019506978272,0.07930361975239665
202111,-0.024818949476612322,0.01764167195610624,0.024308253234657677,0.06125624873630647,-0.034429724071964374,0.011492097285331251
202112,0.06635710339352503,0.048765381153332954,0.03554954359102504,0.030407360633151716,0.05064770218033284,0.035864430132139226
202201,-0.06962222792575652,-0.030259726563031043,-0.1282863970929972,-0.06368330357939507,-0.07250902286832764,-0.05381160729282753
202202,,0.02942237061470692,,-0.08136130849576789,-0.032566827314933884,0.009716107073898953
202203,-0.0043634256612112635,-0.02429821487313433,0.05338595901892303,0.024376615933434227,-0.03766018219446884,-0.042650876488294284
202204,-0.051236590855821156,-0.07261231341353905,0.002248947623400293,-0.15788157224217994,-0.007275985031702194,
202205,0.028044748355863357,-9.086721571651551e-05,-0.024592431261825594,0.024425484557479924,-0.02860683307546842,
202206,-0.05524491569291719,-0.10407599286393171,-0.018533176202723836,-0.018816743359272418,-0.11044368622383137,-0.14224673036607663
202207,0.08529257250546772,0.11401892047974486,0.185269,0.048416592809496284,0.07418565840580821,
202208,-0.04878515937717129,-0.054320457242485735,-0.03224036565505278,-0.042412123745349486,-0.032683080067809595,-0.0758181881132356
202209,-0.11696378006869268,-0.0881891704705764,-0.09865897657263058,-0.12994095652905638,-0.07584297907639749,-0.13477423865157676
202210,0.10143023137217666,0.13209517107257668,0.04693246288206595,0.22575744149801844,0.15559887303982894,0.048844779142060736
202211,0.06783296453289606,0.10466208260478259,0.08300421476620648,0.016120920573558725,0.1129012450752192,0.09455081188862269
202212,-0.03838938925869632,-0.05350327002616389,-0.05787704489653015,-0.05511256097104841,-0.05910870392202459,-0.04683931444872882
202301,0.0491560190067123,0.13562137778253236,0.21642089383809515,0.12901752562156063,0.12399590833474539,0.07197584823428416
202302,-0.020014,-0.003363768568957635,,0.03521672702382275,-0.002133721130649602,-0.062264
202303,0.054026516490735164,-0.02051997484725131,0.03167977012838603,-0.0046646138559303316,-0.0012220637432865918,-0.03932820775341639
202304,0.016175031561393955,8.835099146561713e-05,0.09934841101240366,-0.025941634389149884,-0.0453519244066095,
202305,-0.032836255462006435,-0.020998682417106704,0.017619989551470195,-0.056738750783758216,0.002528252119927313,
202306,0.06891264255477643,0.08194175246672132,0.04337089484729708,0.14671360057246452,0.005365803390871831,0.07749388120174705
202307,0.013646281893651932,0.031113,0.06654569220964159,0.046351130669838925,0.028869544165145783,
202308,0.018939411443605236,-0.05191326745617488,-0.00021223712868668337,-0.027334742754266516,-0.024772113079189417,-0.016253
202309,-0.04479909716905,-0.037972879660109385,-0.08124997660410566,-0.04695086180297037,-0.053239612201161815,-0.07250458254996939
202310,-0.06767268779825723,-0.060088330657934355,-0.011775747050106849,-0.07004619796658229,-0.10559507776429518,-0.06145583110302544
202311,0.13838727733514544,,0.1396327506751414,0.04299812333597155,0.133138,0.1939449460658191
202312,0.053911771823893055,0.11926418239546564,0.06639668948877753,0.1330598585214558,0.12299255523730786,0.05804553527982243
